n_comp_selected,p Malphite,p Pyke,p Kassadin,p DrMundo,gain total,gain main,ci main,gain + équilibre,ci + équilibre,gain + lane,ci + lane,gain + duo,ci + duo,gain + comp,ci + comp,lane_scale,duo_scale,n,seed
0,0.04526662321013137,0.690379535678157,0.0038014566373362254,0.3304686798488927,0.0012423320318922626,0.0006969752949048776,0.0008002304364142533,0.0005367070853398271,0.0005724147031738291,0.0,0.0,8.649651647557751e-06,3.2851445637015585e-05,0.0,0.0,0.0,0.5,8000,0
0,0.6310068016940171,0.33883525237818246,0.16603644753925073,0.9944628106256361,0.002111023884853366,0.001567390387088659,0.0009036406168569923,0.0005435711322730405,0.000804026507353447,6.236549166666726e-08,1.3926036561568352e-05,0.0,0.0,0.0,0.0,0.3,0.0,8000,1
0,0.3796786428404606,0.21791844143355077,0.17026738792849228,0.12049566926117408,0.0018359831588778844,0.0014181284752167451,0.0009244727591497093,0.00046724281835907694,0.0008278592612033326,-4.938813469793758e-05,0.00012741587438066588,0.0,0.0,0.0,0.0,1.0,0.0,8000,2
0,0.1466157205778095,0.6212317769420499,0.03871150528463205,0.44914638784038663,0.0021120877377080426,0.001629646942284779,0.0010444537792547318,0.00044641889853336384,0.0007403475669503157,1.5800521175651746e-05,0.00018885391457026845,2.0221375714248336e-05,4.749996359613665e-05,0.0,0.0,1.0,0.5,15000,0
0,0.27881863046959665,0.03414940242201518,0.19139808838917338,0.18401003407638328,0.00265555713652477,0.002191278933933315,0.0010915107723786595,0.0005473375188256073,0.000679883895348167,-8.431853399970328e-05,0.00017326745710578945,1.2592177655511511e-06,4.259029921034907e-06,0.0,0.0,1.0,0.15,15000,1
0,0.7637003710161683,0.002692811899939252,0.21111198221551475,0.08473923302129914,0.0018408785578029937,0.001273685057175463,0.001173634091257409,0.0005497956164273452,0.0006364284034593627,1.7397884200185627e-05,0.00017110177399193212,0.0,0.0,0.0,0.0,1.0,0.0,15000,2
0,0.06585996414657719,0.030178620821767685,0.23838162649225558,0.7377151870792402,0.0029354497437956597,0.002460880534797441,0.0011842993546822063,0.0005211984479232968,0.0007633534569384984,-4.662923892507825e-05,0.00023343248869942278,0.0,0.0,0.0,0.0,1.0,0.0,25000,0
0,0.02265266540231139,0.008412784820106944,0.0390015673374214,0.18627154573632554,0.0029555756859780315,0.00247421748650969,0.0011836849827263746,0.0005477129705992283,0.0007288723963047876,-6.635477113088664e-05,0.0002195482923076498,0.0,0.0,0.0,0.0,1.0,0.0,25000,1
0,0.3802089464801137,0.0015870730660481624,0.3100561633332878,0.035977534079098226,0.0025480273570083595,0.001954586730483416,0.0012919484036330391,0.0005295506647356343,0.0006560209955951297,6.388996178930958e-05,0.00022250774625186582,0.0,0.0,0.0,0.0,1.0,0.0,25000,2
0,0.015645378306339896,0.005155936182904712,0.20192869196790098,0.050863865459327244,0.003214149175514737,0.0031132763103211662,0.0019085605631228644,0.0004434901373613922,0.0008392088505797972,-0.00041771565689200464,0.0007311393333803352,7.509838472418429e-05,0.00024316033370506594,0.0,0.0,1.0,0.5,35000,0
0,0.0017668733875635663,0.033459950419938204,0.04252184482139443,0.12354873977588518,0.003933153587614255,0.003376516095785057,0.0019193676889652559,0.0005146977748638228,0.0007932453892536824,4.193971696537577e-05,0.0002149413167964106,0.0,0.0,0.0,0.0,0.5,0.0,35000,1
0,0.15675235342302438,0.004227920330297254,0.2417342209944452,0.1380577465790082,0.002959980096353417,0.0025514101603407303,0.001966831633412431,0.000520937286022672,0.0006937349353005681,-0.00014276731493287646,0.000715447727227131,3.03999649228911e-05,4.032133190026939e-05,0.0,0.0,1.0,0.15,35000,2
0,0.005130897421221674,0.0007505655338774347,0.033294669563144697,0.018031485239897043,0.003824478758170241,0.0035388533150138473,0.0019627918118721405,0.0004921052687922947,0.0007218477828553514,-0.00019039765121212527,0.0007875852430172826,-1.608217442377574e-05,0.0001171174631175483,0.0,0.0,1.0,0.3,48643,0
